"address","transaction_count"
"0x3fc91a3afd70395cd496c647d5a6cc9d4b2b7fad",70628
"0x00000000000000adc04c56bf30ac9d3c0aaf14dc",18080
"0x32400084c286cf3e17e7b677ea9583e60a000324",13139
"0xf60c2ea62edbfe808163751dd0d8693dcb30019c",9589
"0x75e89d5979e4f6fba9f97c104c2f0afb3f1dcb88",8839
"0xc02aaa39b223fe8d0a0e5c4f27ead9083c756cc2",8498
"0x2abc22eb9a09ebbe7b41737ccde147f586efeb6a",6693
"0xf89d7b9c864f589bbf53a82105107622b35eaa40",6158
"0x7defdbedab7331dce889e1ae68c85c81375ff4b8",5753
"0xae2fc483527b8ef99eb5d9b44875f005ba1fae13",5223
"0xcac0f1a06d3f02397cfb6d7077321d73b504916e",4521
"0x44affdf87abfb1dba08e444141bd21b4380fa35f",4165
"0x000000000000ad05ccc4f10045630fb830b95127",4099
"0xcf3f648e2b53d00e39f4e070c80352f79c3fa91b",3879
"0x77b8969c6c2b11e485a1ba1de9ee2f3b0c85fc28",3803
"0x29469395eaf6f95920e59f858042f0e28d98a20b",3747
"0xc944e90c64b2c07662a292be6244bdf05cda44a7",3660
"0xcbd6832ebc203e49e2b771897067fce3c58575ac",3618
"0x5e0c3f0e81b26923a4800c13fbb14bf4f629f283",3558
"0xab97925eb84fe0260779f58b7cb08d77dcb1ee2b",3521
"0x9d7987d74c0b3ca8e8472f90c713c456dd656be8",3239
"0x6081258689a75d253d87ce902a8de3887239fe80",2982
"0xe4edb277e41dc89ab076a1f049f4a3efa700bce8",2880
"0xd1d2eb1b1e90b638588728b4130137d262c87cae",2532
"0x0000000000a39bb272e79075ade125fd351887ac",2500
"0x91364516d3cad16e1666261dbdbb39c881dbe9ee",2464
"0xffa397285ce46fb78c588a9e993286aac68c37cd",2355
"0x9490a732fc3521bf40f443cf41aab7394019e011",2346
"0x6982508145454ce325ddbe47a25d4ec3d2311933",2343
"0x0d31956425d300d7085869ea60a652db8e96c88d",2268
"0x112200eaa6d57120c86b8b51a8b6049d56b82211",2149
"0x3db52ce065f728011ac6732222270b3f2360d919",2137
"0xa152f8bb749c55e9943a3a0a3111d18ee2b3f94e",2112
"0x16d5783a96ab20c9157d7933ac236646b29589a4",2111
"0x80c67432656d59144ceff962e8faf8926599bcf8",2089
"0xfd14567eaf9ba941cb8c8a94eec14831ca7fd1b4",2015
"0x7830c87c02e56aff27fa8ab1241711331fa86f43",1993
"0x077d360f11d220e4d5d831430c81c26c9be7c4a4",1991
"0x3b3ae790df4f312e745d270119c6052904fb6790",1973
"0x3486b751a36f731a1bebff779374bad635864919",1952
"0xcfc0f98f30742b6d880f90155d4ebb885e55ab33",1853
"0x97b9d2102a9a65a26e1ee82d59e42d1b73b68689",1720
"0x292f04a44506c2fd49bac032e1ca148c35a478c8",1698
"0x9b68f0b6cd22c043c5123c4816f17a6162c5ea9a",1655
"0xf51cd688b8744b1bfd2fba70d050de85ec4fb9fb",1650
"0xb517850510997a34b4ddc8c3797b4f83fad510c4",1636
"0xb8221a71403e183e036b1873888ca80e7cb71f31",1612
"0x253553366da8546fc250f225fe3d25d0c782303b",1570
"0xcbffcb2c38ecd19468d366d392ac0c1dc7f04bb6",1554
"0xe95f6604a591f6ba33accb43a8a885c9c272108c",1506
"0x0000000000664ceffed39244a8312bd895470803",1494
"0x4444444444b5981b0c2378df11d182997e85a967",1489
"0xf7858da8a6617f7c6d0ff2bcafdb6d2eedf64840",1459
"0x3506424f91fd33084466f402d5d97f05f8e3b4af",1449
"0x91aae0aafd9d2d730111b395c6871f248d7bd728",1443
"0xc3ae71fe59f5133ba180cbbd76536a70dec23d40",1433
"0xbaf07c6b271886b09e975ca990c7184d064e8cb0",1427
"0x6de037ef9ad2725eb40118bb1702ebb27e4aeb24",1411
"0x4b4e14a3773ee558b6597070797fd51eb48606e5",1410
"0xc1b634853cb333d3ad8663715b08f41a3aec47cc",1394
"0xc94ebb328ac25b95db0e0aa968371885fa516215",1386
"0x7d06d906feda7fc34ba162031d8ca16bf81f0914",1368
"0xdc033a21e5f6540819643db2c6fee2260aa643e7",1368
"0xbf94f0ac752c739f623c463b5210a7fb2cbb420b",1358
"0x41b309236c87b1bc6fa8eb865833e44158fa991a",1352
"0x4e5b2e1dc63f6b91cb6cd759936495434c7e972f",1349
"0x8c8d7c46219d9205f056f28fee5950ad564d7465",1344
"0xb45a2dda996c32e93b8c47098e90ed0e7ab18e39",1339
"0x9d90669665607f08005cae4a7098143f554c59ef",1334
"0x18385240632282bb38c2f6f279c9c2735da38cf6",1321
"0x8216874887415e2650d12d53ff53516f04a74fd7",1273
"0x58b704065b7aff3ed351052f8560019e05925023",1272
"0x6c490a73519fcf7392525fe38583a580b8abdaa9",1251
"0xcd0403700c63de37f641e6d796fee5c09691f074",1243
"0x1715a3e4a142d8b698131108995174f37aeba10d",1221
"0x151b381058f91cf871e7ea1ee83c45326f61e96d",1206
"0x4e7b110335511f662fdbb01bf958a7844118c0d4",1189
"0xaea46a60368a7bd060eec7df8cba43b7ef41ad85",1170
"0x2ec705d306b51e486b1bc0d6ebee708e0661add1",1103
"0xd108fd0e8c8e71552a167e7a44ff1d345d233ba6",1095
"0x000000d40b595b94918a28b27d1e2c66f43a51d3",1090
"0x7f3e4dbd84f5c8a5f15ef927557748cf2fbb77af",1069
"0xb287eac48ab21c5fb1d3723830d60b4c797555b0",1061
"0x3018018c44338b9728d02be12d632c6691e020d1",1053
"0xe2e87901a3e1cb22b9853ae0827de34e6fae0575",1048
"0xdef171fe48cf0115b1d80b88dc8eab59176fee57",1038
"0x1c727a55ea3c11b0ab7d3a361fe0f3c47ce6de5d",1014
"0x544613f087ac194aba134be08f9c699c0050ebd1",1006
"0x9507c04b10486547584c37bcbd931b2a4fee9a41",1005
"0xa4e5961b58dbe487639929643dcb1dc3848daf5e",1005
"0x1689a089aa12d6cbbd88bc2755e4c192f8702000",968
"0x8ac4ae65b3656e26dc4e0e69108b392283350f55",963
"0x787b8840100d9baadd7463f4a73b5ba73b00c6ca",954
"0x4c9af439b1a6761b8e549d8d226a468a6b2803a8",954
"0x4ea6a743c1e2cfa1e15e1cd2db786b71caac1d7d",952
"0xb42fa25733457b093890fc96343329d971481c0d",929
"0xee73323912a4e3772b74ed0ca1595a152b0ef282",921
"0xd0764fae29e0a6a96ff685f71cfc685456d5636c",919
"0x17d3c369932e200eab7264eca79e3f72a3f3d563",916
"0x77edae6a5f332605720688c7fda7476476e8f83f",901
